house,pen,house_pen,treatment,animalnr_col,"I, S1, S2",swab0,swab0,swab1,swab2,swab3,swab4,swab5,swab6,swab7,swab8,swab9,swab10,swab10,swab11,swab12,swab13,swab14,swab15,swab16,swab17,swab17
,,,,,,5,,5,6,7,8,9,10,11,12,13,14,,15,16,17,18,19,20,21,
,,,,,,,WBVR,,,,,,,,,,,WBVR,,,,,,,,WBVR
,,,,,,,,,,,,,,,,,,,,,,,,,,
1,S1,H1_S1,control,3_Ge,S2,-,,-,-*,-*,-,-,-,-,-,-,-,,-,-,-,-,++,++,++,
1,S1,H1_S1,control,10_Ge,S2,-,,-,-,-,-,-,-,-,-,-,-,,-,-,-*,+*? 1,-*,++,++,
1,S1,H1_S1,control,13_Ge,S2,-,,-*,-,-,-,-,-,-,-,-,-,,-,-,-,-*,-*,++,++,
1,S1,H1_S1,control,31_Ge,S2,-*,,-*,-*,-,-*,-,-,-,-,-,? -*,,-,-,-*,+*,+*?,++,++,
1,S1,H1_S1,control,36_Ge,S2,-*,,-*,-,-*,-,-,-,-,-,-,-,,-,-,-*,+*,-*,++*,++,
1,S1,H1_S1,control,41_Ge,S2,-*,,-*,-*,-*,-,-,-,-,-,-,-,,-,-,-*,-*,-*,++,++,
1,S1,H1_S1,control,43_Ge,S2,-*,Acinetobacter pittii,-*,-*,-*,-,-,-,-,-,-,-,,-,-,-*,-*,+*?,++,++,
1,S1,H1_S1,control,46_Ge,S2,-*,,-*,-,-*,-*,-,-,-,-,-,-,,-,-,-*,+* 20,+*?,++,++,
1,S1,H1_S1,control,56_Ge,S2,-,,-,-*,-,-,-,-,-,-,-,-,,-,-,-*,-,+*?,++,++,
1,S1,H1_S1,control,62_Ge,S2,-*,,-*,-,-*,-,-,-,-,-,-,-,,-,-,-*,-*,++,++,++*,
1,S2,H1_S2,control,5_Ge,S2,-*,,-*,-*,-*,-,-,-*,-,-,-,-*,Acinetobacter pittii,-,-*,-*,-*,+*?,++*,++,
1,S2,H1_S2,control,9_Ge,S2,-,,-,-*,-*,-,-*,-,-,-,-,-,,+*,-*,+ ? *,+*,+*?,+*,++,
1,S2,H1_S2,control,11_Ge,S2,-,,-,-*,-*,-*,-,-,-,-,-,-,,-,-*,-*,-*,+* 1,+* 20,+*,
1,S2,H1_S2,control,19_Ge,S2,-*,,-,-*,-*,-*,-,-,-,-,-,-,,-*,-*,-*,-*,+* 1,+*,-*,
1,S2,H1_S2,control,26_Ge,S2,-*,,-,-,-*,-,-,-,-,-,++,-*,,+*,-,+? *,+*,+*,++,++,
1,S2,H1_S2,control,28_Ge,S2,-*,,-,-*,-*,-,-,-,-,-,-,-,,-*,-*,-*,+*,+*,+*,++,
1,S2,H1_S2,control,32_Ge,S2,-*,,-*,-*,-*,-,-,-,-,-,-,-,,-,-*,-*,-*,-*,+*,++*,Escherichia coli/Acinetobacter pittii
1,S2,H1_S2,control,34_Ge,S2,-*,Acinetobacter pittii,-*,-*,-*,-,-*,-,-,-,?,-,,-*,-*,-*,+*,+* 60,+*,++,
1,S2,H1_S2,control,54_Ge,S2,-,,-,-,-*,-,-,-,-,-,-,-,,-,-,-*,-*,+* 20,-,++*,
1,S2,H1_S2,control,60_Ge,S2,-*,,-,-*,-*,-*,-*,-,-,-,-,-,,-,-*,+ ? *,+*,+* 60,+*,++,
1,S3,H1_S3,control,4_Ge,S2,-,,-,-,-,-,-*,-,-,-,-,-,,-,-,+ 1,+*? 1,+*,++,++,
1,S3,H1_S3,control,8_Ge,S2,-,,-,-*,-*,-,-,-,-,-,-,-,,-,-,+* 20,+*,++*,++,++,
1,S3,H1_S3,control,12_Ge,S2,-*,,-*,-*,-*,-,-,-,-,-,-,-,,-,-,++,+*,++,++,++,
1,S3,H1_S3,control,45_Ge,S2,-*,,-*,-*,-,-,-,-,-,-,-,-,,-,-,-*,-*,+*,+*,++,
1,S3,H1_S3,control,48_Ge,S2,-*,,-,-,-,-,-,-,-,-,-,-,,-,-,-*,-*,+*,+*,++,
1,S3,H1_S3,control,51_Ge,S2,-,,-*,-,-,-,-,-*,-,-,-,-,,-,-,-*,-*,+* ?,-,++,
1,S3,H1_S3,control,73_Ge,S2,-*,,-*,-,-*,-*,-*,-,-,-,-,-,,-,+? 1,-,+* 20,+*,++,++,
1,S3,H1_S3,control,74_Ge,S2,-*,,-,-*,-*,-,-*,-,-,-,-,-,,-,-*,-*,-*,+*,++,++,
1,S3,H1_S3,control,76_Ge,S2,-*,Acinetobacter pittii,-*,-,-*,-,-,-,-,-,-,-,,-,-,-*,+* 20,++,++,++,
1,S3,H1_S3,control,79_Ge,S2,-*,,-,-*,-,-,-*,-,-,-,-,-,,-,-,+* ?,+* 20,-*,++,++,
1,S4,H1_S4,control,14_Ge,S2,-*,,-,-*,-*,-,-,-,-*,-*,-*,-,,-*,++*,-*,+? * 1,+*,++,++,
1,S4,H1_S4,control,18_Ge,S2,-,,-*,-*,-*,-,-,-*,-*,-*,-,-,,-*,-*,+*,++,+*,++,++,
1,S4,H1_S4,control,20_Ge,S2,-,,-,-,-*,-,-,-,-*,-*,-*,-,,-,-*,+*,+*,++,++,+*40,
1,S4,H1_S4,control,39_Ge,S2,-,,-,-,-,-,-*,-*,-,-*,-*,-*,,-*,-,+*,++,++*,++,++,
1,S4,H1_S4,control,44_Ge,S2,-,,-*,-*,-,-,-*,-*,-,-,-*,-*,,-,+ ? 1,+*,++,++,++,++,
1,S4,H1_S4,control,53_Ge,S2,-*,,-,-*,-*,-,-,-*,-,-,-*,-,,+30,-*,-*,++,+*,+*,++,
1,S4,H1_S4,control,58_Ge,S2,-,,-*,-,-*,-,-,-*,-*,-*,-,-,,-,-*,+* ?,+*,+*,++,++,
1,S4,H1_S4,control,63_Ge,S2,-,,-,-*,-*,-,-,-*,-*,-*,-,-*,,-,-,+* ?,+*,+*,+*,++,
1,S4,H1_S4,control,64_Ge,S2,-,,-*,-,-*,-,-,-,-*,-,-,-,,++,-,+* ?,+*,++,++,++,
1,S4,H1_S4,control,67_Ge,S2,-*,,-*,-,-*,-,-,-*,-,-,?,-,,-,-,++,++*,+*,+*,+* 15,
1,S5,H1_S5,control,6_Ge,S2,-*,,-*,-*,-*,-*,-*,-,-,-,-,-,,-,-,++,-*,-*,-*,++,
1,S5,H1_S5,control,17_Ge,S2,-*,,-*,-*,-,-,-,-,-,-,-,-,,++,++,++,-,++,++,++,
1,S5,H1_S5,control,22_Ge,S2,-*,,-*,-*,-,-,-*,-,-,-,-,++,Acinetobacter pittii/ no E. coli present,++,++,++,++,++,++,++,
1,S5,H1_S5,control,29_Ge,S2,-*,,-*,-,-*,-,-,-,-,-,-,-,,-,-,-,+40 ,-,++,++,Escherichia coli
1,S5,H1_S5,control,30_Ge,S2,-*,,-*,-,-*,-*,-,-,-,-*,-,-,,-,+ 40,++,-*,++,++,++,
1,S5,H1_S5,control,55_Ge,S2,-*,,-*,-*,-,-,-,-,-,-,-,-,,-,+ ? 1,++,+10,++,++,++,
1,S5,H1_S5,control,66_Ge,S2,-*,,-,-*,-*,-,-,-,-*,-,-,-,,++,+ 15,++,-,++,++,++,
1,S5,H1_S5,control,70_Ge,S2,-*,,-,-*,-*,-,-,-*,-*,-,-,-,,-,-,++,++,++,++,++,
1,S5,H1_S5,control,75_Ge,S2,-*,,-,-*,-*,-,-,-,-,-,-,-,,-,-,-,+1,-,++,++,
1,S5,H1_S5,control,80_Ge,S2,-*,,-*,-*,-*,-,-,-,-*,-*,-,-,,-,++,+2,-,30 +,++,++,
1,S6,H1_S6,control,2_Ge,S2,-,,-,-*,-*,-,-,-,-,-,-,-,,-*,-,-*,++,+*,++,++,
1,S6,H1_S6,control,7_Ge,S2,-,,-,-*,-,-,-,-,-,-,-,-,,-,-*,-*,+? 2,-,++,++,
1,S6,H1_S6,control,15_Ge,S2,-,,-,-,-,-,-,-,-,+ 40,-,-,,-*,+* ? 10,+*?,++,++,++,++*,
1,S6,H1_S6,control,23_Ge,S2,-*,Acinetobacter pittii,-,-*,-*,-,-*,-,-,-,-,,,-*,-*,+*?,+*,++,++,++,
1,S6,H1_S6,control,33_Ge,S2,-,,-,-,-,-,-,-,-*,-,-,-,,-*,-,+*?,-*,-*,++,++,
1,S6,H1_S6,control,40_Ge,S2,-*,,-,-,-,-,-,-,-,-,-*,-,,+ 15,-*,-*,++,++,++,++,
1,S6,H1_S6,control,42_Ge,S2,-,,-,-*,-*,-,-,-,-,-,-,-,,-*,-*,+*?,+*,++,++,++*,Escherichia coli/Acinetobacter pittii
1,S6,H1_S6,control,49_Ge,S2,-,,-*,-*,-,-,-,-,-,-,-,-,,-,-,-*,-*,+40,++,++,
1,S6,H1_S6,control,71_Ge,S2,-,,-*,-*,-,-,-,-,-,-,-,++,,-,-,+*?,+*,++,++,++,
1,S6,H1_S6,control,72_Ge,S2,-,,-,-,-*,-,-,-,-,-,-,-,,-,-*,++,++,++,++,++,
1,S7,H1_S7,control,1_Ge,S2,-*,,-*,-,-*,-,-,-,-,-,-,-,,-,-,-,-*,-*,++,++,
1,S7,H1_S7,control,16_Ge,S2,-*,,-*,-*,-*,-,-,-,-,-,-,-,,-,+ 20,-,+*,++,++,++,
1,S7,H1_S7,control,21_Ge,S2,-,,-,-*,-*,-,-*,-,-,-,-,-,,-,-,+40,+50,++,++,++,
1,S7,H1_S7,control,24_Ge,S2,-,,-*,-,-*,-,-*,-,-*,-,-,-,,-,-,-*,-*,++,++,++,
1,S7,H1_S7,control,35_Ge,S2,-*,Acinetobacter pittii,-*,-*,-*,-,-,-,-,-,-,-,,-,-*,++,-,++*,++,++,
1,S7,H1_S7,control,50_Ge,S2,-*,,-*,-*,-*,-,-,-,-,-,-,-,,-,-,+2,-*,+?,++,++,
1,S7,H1_S7,control,52_Ge,S2,-,,-*,-,-*,-,-*,-,-,-,-*,-,,-,-*,-,-,++,++,++,
1,S7,H1_S7,control,57_Ge,S2,-,,-*,-,-*,-,-,-,-,-,-,-,,-,-,-,-,++,++,++,
1,S7,H1_S7,control,65_Ge,S2,-,,-*,-,-*,-,-*,-,-,-,-,-,,+ 10,-,-,++,++,++,++,
1,S7,H1_S7,control,69_Ge,S2,-,,-*,-,-*,-,+*,-,-,-,-,-,,-,-,++,++,++,++,++,
1,S8,H1_S8,control,25_Ge,S2,-*,,-,-*,-,-,-,-,-,-,-,-,,-,-,-,-,++,+20,++,
1,S8,H1_S8,control,27_Ge,S2,-*,,-,-,-*,-*,-,-,-,-,-,-,,-,-,-*,-,-,-*,++*,Escherichia coli/Acinetobacter pittii
1,S8,H1_S8,control,37_Ge,S2,-,,-,-,-*,-,-*,-,-,-,-,-,,++,++,++,++,++,++,++,
1,S8,H1_S8,control,38_Ge,S2,-,,-*,-,-*,-,-*,-,-*,-,-,-,,-,-,++,-,+2,-*,++,
1,S8,H1_S8,control,47_Ge,S2,-,,-*,-,-*,-,-,-,-*,-,-,-,,-,-*,-,++,++,++,++,
1,S8,H1_S8,control,59_Ge,S2,-,,-*,-,-*,-,-,-,-,-,-,-,,-,-,+20,++,++,+*30,++,
1,S8,H1_S8,control,61_Ge,S2,-*,,-*,-*,-*,-,-,-,-,-,-,-,,-,-,-*,-*,-,-*,++,
1,S8,H1_S8,control,68_Ge,S2,-*,,-*,-,-,-,-,-,-,-,-,-,,-,-,-,-,-,++,++,
1,S8,H1_S8,control,77_Ge,S2,-,,-,-,-,-,-,-,-,-,-,-,,-,-,-,-,++,-,++,
1,S8,H1_S8,control,78_Ge,S2,-,,-,-,-*,-,-*,-,-,-,-,-,,-,-,-,+*? 2,++,++,+ 60,
1,I9,H1_I9,control,1_Ro,S1,-*,,,,,,,,,,,,,,,,,,,,
1,I9,H1_I9,control,2_Ro,I,-*,,-*,-*,++,++,+*,++,++,++,++,++,,++,++*,++*,++,++,++,++,
1,I9,H1_I9,control,3_Ro,S1,,,,,,,,,,,,,,,,,,,,,
1,I9,H1_I9,control,4_Ro,S1,-*,,-*,-*,+,++,+*,++,++,++,++,++*,,++*,++*,++*,++,++,++,++,
1,I9,H1_I9,control,5_Ro,S1,-*,,,,,,,,,,,,,,,,,,,,
1,I9,H1_I9,control,6_Ro,I,-*,,-*,-*,+,++,+*,++,++,++,++,++*,,++,++,++*,++,++,++,++,
1,I9,H1_I9,control,7_Ro,S1,-*,,-*,-,++,++,+*,++,++,++,++,++*,Escherichia coli/Acinetobacter pittii,++*,+*,++*,++,++*,++,++,
1,I9,H1_I9,control,8_Ro,I,-*,,-*,-*,+?,++,+*,++,++,++,++,++,,++,++*,++*,++,++,++,++,
1,I9,H1_I9,control,9_Ro,S1,-*,,-*,-*,++,++,+*,++,++,++,++,++,,++,+*,++*,++,++*,++,++,
1,I9,H1_I9,control,10_Ro,I,-*,,-*,-*,+,++,+*,++,++,++,++,++,Acinetobacter pittii/ no E. coli present,++,++,++,++,++,++,++,
1,I9,H1_I9,control,11_Ro,S1,-*,,-*,-*,++,+*,+*,++,++,++,++,++,,++,++,++,++,++,++,++,
1,I9,H1_I9,control,12_Ro,I,-*,,-*,-*,++,+*,++,++,++,++,++,++,,++,++*,++*,++,++,++,++,
1,I9,H1_I9,control,13_Ro,I,-*,,-*,-*,+?,++,+*,++,++,++,++,++,,++,+*,+*,++,++,++,++,
1,I9,H1_I9,control,14_Ro,I,-*,,-*,-*,-,++,+*,++,++,++,++*,++,,++,+*,++*,++,++*,++,++,
1,I9,H1_I9,control,15_Ro,S1,-*,,,,,,,,,,,,,,,,,,,,
1,I9,H1_I9,control,16_Ro,S1,-*,,-*,-*,+?,++,+*,++,++,++,++*,++*,,++*,+*,++*,++*,++*,++,++*,Escherichia coli/Acinetobacter pittii
1,I9,H1_I9,control,17_Ro,I,-*,,-*,-,++,++,+*,++,++,++,++,++*,,++*,+*,++*,++,++,++,++,
1,I9,H1_I9,control,18_Ro,S1,-*,,-*,-*,+,++,++,++,+ ?,++,++,++,,++,++,++*,++,++,++,++,
1,I9,H1_I9,control,19_Ro,S1,-*,Acinetobacter pittii,-*,mist,++,++,+*,++,++,++,++,++,,++,+*,++*,++,++,++,++,
1,I9,H1_I9,control,20_Ro,S1,-,,-*,-*,++,++,++,++,++,++,++,++,,++,+*,++,++,++,++,++,
1,I9,H1_I9,control,21_Ro,S1,-*,,-*,-*,++,++,++,++,++,++,++,++*,,++*,+*,++*,++,++,++,++,
1,I9,H1_I9,control,22_Ro,S1,-*,,-,-*,+?,++,++,++,++,++,++,++,,++,+*,++*,++,++,++,++,
1,I9,H1_I9,control,23_Ro,I,-*,,-*,-*,++,++,++,++,++,++,++,++,,++,++,++*,++,++,++,++*,Escherichia coli/Acinetobacter pittii
1,I9,H1_I9,control,24_Ro,I,-*,,-*,-*,++,++,++,++,++,++,++,++*,,++*,++,++,++,+*,++,++,
2,S1,H2_S1,control,106_Ge,S2,-,,-,-,-,-,-,-,-,-,-,-,,-,-,+40,++,++,+12,++,
2,S1,H2_S1,control,113_Ge,S2,-,,-,-*,-*,-,-,-,-,-,-,-,,-,-,+1,+1,-,+4,++,
2,S1,H2_S1,control,124_Ge,S2,+?,,-,-,-,-*,-,-,-,-,-,-,,-,-,-,+4,++,-,++,
2,S1,H2_S1,control,128_Ge,S2,-,,-,-*,-,-,-,-,-,-,-,-,,-,-,+3,-,++,++,++,
2,S1,H2_S1,control,150_Ge,S2,-,,-,-*,-,-,+*,+ 3,-,-,-,-,,-,+ ? 2,+40,++,++,++,++,
2,S1,H2_S1,control,153_Ge,S2,-,,-,-,-,-,-,-,-,-,-,-,,-,-,-,-,++,++,++,
2,S1,H2_S1,control,156_Ge,S2,-*,,-,-*,-,-,-,-,-,-,-,-,,-,-,++,-,++,++,++,
2,S1,H2_S1,control,167_Ge,S2,-*,,-,-*,-*,-,-*,-,-,-,-,-,,-,+? 1,++,++,++,++,++,
2,S1,H2_S1,control,169_Ge,S2,-,,-,-,-,-*,-,-,+ ?,-,-,-,,-,-,+30,++,++,++,++,
2,S1,H2_S1,control,172_Ge,S2,-,,-,-,-,-,-,-,-,-,-,-,,-,-,-,-,++,++,+ 2,Escherichia coli
2,S2,H2_S2,control,119_Ge,S2,-,,-,-,-,-,-,-,-,-,-,-,,-,-,-*,-,-*,-,+2,
2,S2,H2_S2,control,121_Ge,S2,-,,-*,-,-,-,-,-,-,-,-,-,,-,-,-*,-*,-*,+* 30,-*,
2,S2,H2_S2,control,134_Ge,S2,-*,Acinetobacter pittii,-,-,-*,-,-,-,-,-,-,-,,-,-,-*,-*,-*,-*,-*,
2,S2,H2_S2,control,135_Ge,S2,-,,-,-,-,-,-,-,-,-,-,-,,+? 2,-,+2,+? *,-*,-*,+*,
2,S2,H2_S2,control,141_Ge,S2,-,,-,-,-,-,-*,-,-,-,-,-,,-,-,+*? 1,-,-*,-*,-*,
2,S2,H2_S2,control,151_Ge,S2,-,,-,-,-*,-,-,-,-,-,-,-,,-,-,-,-*,-*,+* ntt,+*,
2,S2,H2_S2,control,152_Ge,S2,-,,-,-,-,-,-,-,-,-,-,-,,-,-,-*,-*,-*,+* 60,++,
2,S2,H2_S2,control,154_Ge,S2,-*,,-,-,-*,-,-,-,-,-,-,-,,-,-,-,-*,-*,+* 30,-*,
2,S2,H2_S2,control,176_Ge,S2,-,,-,-,-,-,-,-,-,-,-,-,,-,-,+1,-*,-*,-,++*,Escherichia coli/Acinetobacter pittii
2,S2,H2_S2,control,177_Ge,S2,-,,-,-,-,-,-,-,-,-,-,-? 1,,-,-,+*? 10,-*,+?* 1,-,-*,
2,S3,H2_S3,control,103_Ge,S2,-*,,-,-*,+*?,-,+,+ 2,-,? 1,+ ? 14,-,,-,+* 10,-*,-*,+* 1,-*,++,
2,S3,H2_S3,control,104_Ge,S2,-*,,-,-,-*,-*,-,-*,-,-,-,-,,-,-*,++,++,+*,-*,+*,
2,S3,H2_S3,control,109_Ge,S2,-*,,-*,-,-,-,+ 6,+ 3,-,-,-,+*? 10,,?* 1,-*,+*? 2,-*,-*,-*,-*,
2,S3,H2_S3,control,126_Ge,S2,-*,,-*,-*,+*?,-*,-,-,-,-,-*,-,,-*,-*,+* ? 5,-*,+* ?,+* ntt,+*,
2,S3,H2_S3,control,130_Ge,S2,-*,Acinetobacter pittii,-*,-,-*,-,-*,-,-,-,-,-,,-*,-*,-*,-*,+* 20,++,+*,Escherichia coli/Acinetobacter pittii
2,S3,H2_S3,control,131_Ge,S2,-*,,-*,-*,+*?,-,-,-*,-,-,-*,-,,-*,-*,-*,+* ? 1,+*,+* 30,-*,
2,S3,H2_S3,control,155_Ge,S2,-*,,-,-*,+*?,-,-*,-,-,-,-,-,,-,-*,-*,+* 10,-*,+* ntt,-*,
2,S3,H2_S3,control,158_Ge,S2,-*,,-*,-,+*?,-*,-,-*,-*,-,-,-,,-,+*,+* 20,+*,+*,+* ntt,+*,
2,S3,H2_S3,control,168_Ge,S2,-*,,-,-*,-*,-*,-*,-,-,-,-,-,,-*,-*,-*,+*,+* 1,+* 30,+*,
2,S3,H2_S3,control,171_Ge,S2,-*,,?,-*,-,-,-,-,-,-,+ ? 10,+? 2,,-*,+* 4,+* 15,+*,+*,+* ntt,+*,
2,S4,H2_S4,control,123_Ge,S2,-,,-,-*,-,-,-,-,-,-,-,-,,-,-*,-*,+*,+* 40,-,-,
2,S4,H2_S4,control,136_Ge,S2,-,,-,-*,-,-,-,-,-,-,-,-,,-*,+* 10,+* 5,+*,+*,-,++,
2,S4,H2_S4,control,138_Ge,S2,mist,,-,-*,-,-,-,-,-,-,-,-,,-*,-*,+*? 2,-,-,+12,+ 3,
2,S4,H2_S4,control,140_Ge,S2,-,,-,-,+?,+?,-,+ 2,-,-,-,-,,-*,-*,+* 20,+40,+40,++,-,
2,S4,H2_S4,control,146_Ge,S2,?,,-*,-*,-*,-,-,-,-,-,-,-,,-*,-*,-*,+4,-,+* ntt,++,
2,S4,H2_S4,control,157_Ge,S2,-,,-,-*,-*,-,-,-,-,-,-,-,,-*,+?* 2,-*,-*,++*,++,-*,
2,S4,H2_S4,control,173_Ge,S2,-*,,-*,-,-,-,-,-,-,-,-,-,,-,-*,-*,-*,++*,++,+*,Escherichia coli/Acinetobacter pittii
2,S4,H2_S4,control,178_Ge,S2,-,,-,-,-,-,-,-*,-,-,-,-,,-,+* 20,+ 10,+* 2,++*,++,-,
2,S4,H2_S4,control,179_Ge,S2,-,,-,-,-*,-,-,-,-,-,-,-,,-*,+ 40,+* 50,++,++,++,++,
2,S4,H2_S4,control,180_Ge,S2,-,,-,-,-*,-,-,-,-,-,-,-,,-,-*,+40,+3,++,++,++,
2,S5,H2_S5,control,101_Ge,S2,-*,,-*,-*,-*,-,-,-,-,-,-,-,,-,-*,-,++,++,++,++,
2,S5,H2_S5,control,102_Ge,S2,-,,-*,-,-*,-,+ 5,+ 2,-,-,-,-,,-,-,-,-,+3,++,+*,
2,S5,H2_S5,control,107_Ge,S2,-*,,-*,-,-*,-,-,-,-,-,-,-,,-,-,+2,-,+10,++,-*,
2,S5,H2_S5,control,110_Ge,S2,-,,-,-,-*,-,-,-,-,-,-,-,,-,-,+20,++,++,++,++,
2,S5,H2_S5,control,118_Ge,S2,-,,-,-,+?,-,-,-,-,-,-,-,,-,-*,++,++,++,++,++,
2,S5,H2_S5,control,122_Ge,S2,-,,-*,-,-*,-,-,-,-,-,-,-,,-,-,-,+40,++,+ 50,-,
2,S5,H2_S5,control,139_Ge,S2,-,,-,+?,-*,+?,-,-,-,-,-,-,,-,-,-,++,++,++,++,
2,S5,H2_S5,control,143_Ge,S2,-,,-,-*,-*,-,-,-,-,-,-,-,,-,-,-,++,++,++,++,Escherichia coli
2,S5,H2_S5,control,145_Ge,S2,-*,,-,-*,-*,-,-,-*,-,-,-,-,,-,-,-,++,-,++,++,
2,S5,H2_S5,control,166_Ge,S2,-,,-*,-,-,-,-,-,-,? 1,-,-,,-,-,-,++,++,+1,++,
2,S6,H2_S6,control,115_Ge,S2,-,,?,-,-*,-,-,-,-,-,-,-,,-,++,++,+30,+3,++,++,
2,S6,H2_S6,control,116_Ge,S2,-*,Acinetobacter pittii,-*,-,-*,-,-,-,-,-,-,-,,-,-,-,-,+3,-,++,
2,S6,H2_S6,control,117_Ge,S2,-*,,-*,-*,-*,-,+ 1,-,-,-,-,-,,-,-,-,-,+15,-,+ 14,
2,S6,H2_S6,control,125_Ge,S2,-*,,-*,-*,-,-,-,-,-,-,-,-,,-,-,-,+30,++,++,-,
2,S6,H2_S6,control,127_Ge,S2,-*,,-*,-*,-*,+,-,-,-,-,-,-,,-,-,-,-,-,-,+27,Escherichia coli
2,S6,H2_S6,control,142_Ge,S2,-,,-*,-*,+*?,-,-,-,-,-,-,-,,-,-,-,-,-*,++,++,
2,S6,H2_S6,control,144_Ge,S2,-*,,-,-,-*,-,-,-,-,-,-,-,,-,-,-,-,+5,-,++,
2,S6,H2_S6,control,160_Ge,S2,-,,-*,-,-,-,-,+ 1,-,-,+ ? 4,-,,-,-,-*,-,-,-,++,
2,S6,H2_S6,control,170_Ge,S2,-,,-,-*,+*?,-,-,-,-,-,-,-,,-,-,+* 20,?,-,++,++,
2,S6,H2_S6,control,175_Ge,S2,-,,-,-,-,-,-,-,-,-,-,-,,-,-,-,-,++,+13,+8,
2,S7,H2_S7,control,105_Ge,S2,-*,,-*,-*,+*?,-,+ 3,-,-,-,-,-*,,-,-*,+* 10,-*,-*,-*,-,
2,S7,H2_S7,control,108_Ge,S2,-*,,-*,-*,-*,-*,-,-,-*,-,-,?,,+ 20,-,-,+*? 2,+* 3,+* 6,+*,
2,S7,H2_S7,control,114_Ge,S2,-*,,-,-*,-*,-,-,-,-,-,-,-*,,-*,-*,-*,-,+* 4,-*,+*,
2,S7,H2_S7,control,120_Ge,S2,-*,,-*,-*,-,-,-,-*,-,-,-,-*,,-,-,-*,-*,+*,+*,+*,
2,S7,H2_S7,control,132_Ge,S2,-*,,-,-*,-*,-*,-,+ 1,-,-,-,-*,,-,-*,-*,-*,+*,++,+*,
2,S7,H2_S7,control,148_Ge,S2,-*,,-*,-,-*,-,-,-,-,-,-,-,,-,-*,-*,-*,+*,+*,+*,
2,S7,H2_S7,control,149_Ge,S2,?,,-*,-*,-*,-,-,+ ?,-,-,-,-,,-*,-*,-*,-*,+?*,+*,+*,
2,S7,H2_S7,control,162_Ge,S2,-*,,-*,-*,-*,-,-,-,-,-,-,-,,+* ? 1,+ 2,+* 10,+*? 1,+* 10,+*,++,
2,S7,H2_S7,control,163_Ge,S2,-*,,-*,-,-,-,-,-,-,-,-,-,,-,-*,-*,-*,-*,++,+* 15,
2,S7,H2_S7,control,174_Ge,S2,-*,,-*,-*,-*,-,++,+ 5,-,? 4,+ ? 3,-*,Acinetobacter pittii,-,-*,-*,-*,-*,+*,-* ?,
2,S8,H2_S8,control,111_Ge,S2,-,,-,-*,-,+?,+* 10,+ 1,+ 50,-,-,-,,-,-,-*,-,-,+* 10,+*,
2,S8,H2_S8,control,112_Ge,S2,-*,,-*,-*,+,-,-,-,-,-,-,-,,-,-,-,-,-*,++,-*,
2,S8,H2_S8,control,129_Ge,S2,-*,,-*,-,-*,-,-,+ ?,-,-,-,-,,-,-,-*,-,-*,-*,-*,
2,S8,H2_S8,control,133_Ge,S2,-*,,-*,-,-,-,-,-,-,-,+ ? 1,-,,-,-,++,-,-,+*,+*,Escherichia coli/Acinetobacter pittii
2,S8,H2_S8,control,137_Ge,S2,-,,-*,-*,-,-,-,-*,-,? 1,+ ? 1,-,,-,-,-,-,-,+*,-*,
2,S8,H2_S8,control,147_Ge,S2,-,,-,-*,+,-,-*,+ 1,-,? 1,-,-,,-,-,-,-,-,-*,+*,
2,S8,H2_S8,control,159_Ge,S2,-,,-,-*,-,-,-,-,-,-,-,-,,-,-,-,? 2,+2,-*,+*,
2,S8,H2_S8,control,161_Ge,S2,-,,-,-,-,-,-,-,-,? 1,-,-,,-,-,+4,+1,+*,-*,-*,
2,S8,H2_S8,control,164_Ge,S2,-,,-*,-*,-*,-,-,-,-,-,-,-*,Acinetobacter pittii/ no E. coli present,-,-,++,+2,++,++,+* 4,
2,S8,H2_S8,control,165_Ge,S2,-*,Acinetobacter pittii,-,-*,-,-,-,-,-,-,-,-,,-,-,-,-,-*,-*,-*,
2,I9,H2_I9,control,101_Ro,S1,-*,,-*,-*,-*,+?,mist,++,++,++,++,++,,++,++,++,++,++,++*,++,
2,I9,H2_I9,control,102_Ro,S1,-,,-*,-,+*?,-*,-,-,+ 24,++,-,+ 20,,+* ? 4,++,++,++,++,++,++,
2,I9,H2_I9,control,103_Ro,S1,-,,-,-*,-*,-*,+ 2,+ 20,+ 11,++,-,++,,++,++,++,++,++,++,++,
2,I9,H2_I9,control,104_Ro,S1,-,,-*,-,-*,-,+ 1,-,+ 50,++,+ 20,++,,++,++,++,++,++,++,++,
2,I9,H2_I9,control,105_Ro,S1,-*,,-*,+? 1,-,-*,-,++,++,++,++,++,,++,++,++,++,++,++,++,
2,I9,H2_I9,control,106_Ro,I,-*,Acinetobacter pittii,-*,-*,+?,-*,++,++,++,++,++,++,,++,++,++,++,++,++,++,
2,I9,H2_I9,control,107_Ro,I,-,,-*,-*,-*,-,+*,-,-,++,++,++,,++,++,++,++,+*,++,++,
2,I9,H2_I9,control,108_Ro,S1,-*,,-,-*,-*,-,-,-,-,+ 6,++,++,Acinetobacter pittii,++,++,++*,++,+*,+*,+*,
2,I9,H2_I9,control,109_Ro,S1,,,,,,,,,,,,,,,,,,,,,
2,I9,H2_I9,control,110_Ro,I,-*,,+?,+,-,+?,+ 1,++,++,+ 1,++,++,,++,++,++,++,++,++,++,
2,I9,H2_I9,control,111_Ro,I,-,,-*,-*,-*,++,++,++,++,++,++,++,,++,++,++,++,++,++,++,
2,I9,H2_I9,control,112_Ro,I,-,,-*,+? 1,-*,-*,++,++,++,++,++,++,,++,++,++,++,++,++,++,
2,I9,H2_I9,control,113_Ro,I,?,,-*,+,-*,-*,-,+ 10,++,++,-*,++,,++,++,++,++,++,++,++,
2,I9,H2_I9,control,114_Ro,I,-,,-*,-,+*?,-,++,++,++,++,++,++,,++,++,++,++,++,++,++,
2,I9,H2_I9,control,115_Ro,S1,-*,,,,,,,,,,,,,,,,,,,,
2,I9,H2_I9,control,116_Ro,S1,-*,Acinetobacter pittii,-*,-*,-*,-,+,++,++,++,++,++,,++,++,++,++,++,++,++,
2,I9,H2_I9,control,117_Ro,S1,-*,,-*,-*,-*,-,mist,++,++,++,++,++,,++,++,++,++,++,++,++,
2,I9,H2_I9,control,118_Ro,S1,,,,,,,,,,,,,,,,,,,,,
2,I9,H2_I9,control,119_Ro,I,-*,,-,-,-*,+ 20,+,++,++,++,++,++,,++,++,++,++,++,++,++,
2,I9,H2_I9,control,120_Ro,I,-,,-,-*,-*,-*,mist,-,++,++,++,++,,++,++,++,++,++,++,++,
2,I9,H2_I9,control,121_Ro,S1,?,,-*,-*,-*,-,-,+ 3,+ 10,-,+ 20,++,Acinetobacter pittii/ no E. coli present,++,++,++,++,++,++,++,
2,I9,H2_I9,control,122_Ro,S1,-,,,,,,,,,,,,,,,,,,,,
2,I9,H2_I9,control,123_Ro,I,-*,,-,-*,-*,+ 40,++,++,++,++,++,++,,++,++,++,++,++,++,++,
2,I9,H2_I9,control,124_Ro,S1,-*,,-*,-,+*,-*,++,-,++,-,++,++,,++,++,++,++,++,++,++,
3,S1,H3_S1,CE,11_Gr,S2,-*,Acinetobacter pittii,-*,-,-,-,-,-,-,-,-,-,,-,-*,-,-,-,-,-,
3,S1,H3_S1,CE,14_Gr,S2,-*,,- ,-*,-*,-,-,-,-,-,-,-,,-,-,-,-,-,-*,-,
3,S1,H3_S1,CE,24_Gr,S2,-*,,-,-*,-*,-,-,-,-,-,-,-,,-,-,-,-,-,-,-,
3,S1,H3_S1,CE,44_Gr,S2,-*,,-,-,-,-,-,-,-,-,-,-,,-,-,-,-,-,-,-,
3,S1,H3_S1,CE,54_Gr,S2,-,,-,-*,-*,-,-,-,-,-,-,-,,-,-,-,-,-,-,-,
3,S1,H3_S1,CE,55_Gr,S2,-*,,-*,-,-,-,-*,-,-,-,-,-,,-,-,-,-*,-,-,-,
3,S1,H3_S1,CE,63_Gr,S2,-*,,-*,-*,-,-*,-*,-,-,-,-,-,,-,-*,-,-,-,-,-,
3,S1,H3_S1,CE,65_Gr,S2,-*,,-*,-*,-,-,-,-,-,-,-,-,,-,-,-,-,-,-,-,
3,S1,H3_S1,CE,70_Gr,S2,-*,,-*,-*,-*,-,-,-,-,-,-,-,,-,-,-,-,-,-,-,
3,S1,H3_S1,CE,71_Gr,S2,-*,,-*,-*,-,-,-,-,-,-,-,-,,-,-,-,-,-*,-,-,
3,S2,H3_S2,CE,10_Gr,S2,-*,,-*,-*,-,-,-,-,-,-,-,-,,-,-,-*,-*,-*,-*,-*,
3,S2,H3_S2,CE,23_Gr,S2,-*,,-*,-*,-*,-,-,-,-*,-,-,-*,Acinetobacter pittii,-*,-,-*,-*,-*,-*,-*,
3,S2,H3_S2,CE,32_Gr,S2,-*,,-*,-,-*,-,-,-,-,-,-,-,,-,-,-*,-*,-*,-*,-*,
3,S2,H3_S2,CE,33_Gr,S2,-,,-,-*,-*,-,-,-,-,-,-,-,,-,-,-,-*,-*,-*,-*,
3,S2,H3_S2,CE,52_Gr,S2,-*,,-,-*,-,-,-,-,-,-,-,-,,-,-,-*,-*,-*,-*,-*,
3,S2,H3_S2,CE,56_Gr,S2,-*,,-*,-,-*,-,-,-,-,-,-,-,,-,-,-,-*,-*,-*,-*,
3,S2,H3_S2,CE,57_Gr,S2,-*,,-*,-*,-*,-,-,-,-,-,-,-,,-,-,-*,-*,-*,-*,-*,
3,S2,H3_S2,CE,59_Gr,S2,-*,,-*,-*,-,-,-,-,-,-,-,-,,-,-,-,-*,-*,-*,-*,Acinetobacter pittii
3,S2,H3_S2,CE,66_Gr,S2,-*,,-,-*,-*,-,-,-,-,-,-,-,,-,-,-*,-*,-*,-*,-*,
3,S2,H3_S2,CE,76_Gr,S2,-*,Acinetobacter pittii,-*,-*,-*,-,-,-,-,-,-,-,,-,-,-*,-*,-*,-*,-*,
3,S3,H3_S3,CE,6_Gr,S2,-*,,-*,-,-*,-,-*,-,-,-*,-,-,,-*,-*,-*,-*,-*,-*,-*,
3,S3,H3_S3,CE,8_Gr,S2,-*,,-*,-*,-,-,-,-,-,-,-,-,,-,-*,-*,-*,-*,-*,-*,
3,S3,H3_S3,CE,12_Gr,S2,-*,,-,-*,-*,-,-,-,-,-*,-,-,,-*,-,-*,-*,-*,-*,-*,
3,S3,H3_S3,CE,25_Gr,S2,-*,,-*,-*,-,-,-,-,-*,-*,-,-,,-,-,-*,-*,-*,-*,-*,
3,S3,H3_S3,CE,28_Gr,S2,-*,,-,-,-*,-*,-,-,-*,-,-*,-,,-,-*,-*,-*,-*,-*,-*,
3,S3,H3_S3,CE,37_Gr,S2,-*,,-*,-*,-*,-*,-,-,-*,-,-,-,,-,-,-*,-*,-*,-*,-*,
3,S3,H3_S3,CE,48_Gr,S2,-*,,-*,-*,-,-,-,-,-,-,-,-,,-,-,-*,-*,-*,-*,-*,
3,S3,H3_S3,CE,67_Gr,S2,-*,,-*,-*,-*,-*,-,-,-,-*,-,-,,-,-,-*,-*,-*,-*,-*,
3,S3,H3_S3,CE,69_Gr,S2,-*,,-*,-*,-*,-,-,-,-,-,-,-,,-,-*,-*,-*,-*,-*,-*,
3,S3,H3_S3,CE,74_Gr,S2,-*,,-*,-*,-,-*,-,-*,-,-,-,-,,-*,-*,-*,-*,-*,-*,-*,Acinetobacter pittii
3,S4,H3_S4,CE,9_Gr,S2,-,,-*,-*,-,-,-*,-,-,-,-,-*,,-,-,-*,-*,-*,-*,-*,
3,S4,H3_S4,CE,13_Gr,S2,-*,,-*,-*,-,-,-,-,-,-,-,-,,-*,-,-,-*,-*,-*,-*,
3,S4,H3_S4,CE,17_Gr,S2,-*,,-,-*,-,-,-,-,-,-,-,-,,-*,-,-*,-*,-*,-*,-*,Acinetobacter pittii
3,S4,H3_S4,CE,20_Gr,S2,-,,-*,-*,-*,-,-,-,-,-,-,-,,-,-,-,-*,-*,-*,-*,
3,S4,H3_S4,CE,36_Gr,S2,-,,-*,-*,-,-,-*,-,-*,-,-,-,,-,-*,-,-*,-*,-*,-*,
3,S4,H3_S4,CE,41_Gr,S2,-*,Acinetobacter pittii,-*,-*,-*,-,-,-,-*,-,-,-,,-,-,-,-*,-*,-*,-*,
3,S4,H3_S4,CE,47_Gr,S2,-,,-*,-*,-*,-,-,-,-*,-,-,-,,-,-,-,-*,-*,-*,-*,
3,S4,H3_S4,CE,60_Gr,S2,-,,-*,-*,-,-,-,-,-,-,-,-,,-,-,-*,-,-*,-*,-*,
3,S4,H3_S4,CE,72_Gr,S2,-,,-*,-,-,-,-,-,-,-,-,-,,-,-*,-*,-*,-*,-*,-*,
3,S4,H3_S4,CE,78_Gr,S2,-,,-*,-*,-*,-,-*,-,-,-,-,-*,Acinetobacter pittii,-,-,-*,-*,-*,-*,-*,
3,S5,H3_S5,CE,4_Gr,S2,-*,,-*,-*,-*,-,-,-,-,-,-*,-*,,-*,-*,-*,-*,-*,-*,-*,
3,S5,H3_S5,CE,5_Gr,S2,-*,,-,-*,-,-,-,-,-,-,-*,-,,-*,-*,-*,-*,-*,-*,-*,
3,S5,H3_S5,CE,16_Gr,S2,-*,,-*,-*,-*,-,-,-,-,-,-*,-*,,-,-*,-*,-*,-*,-*,-*,
3,S5,H3_S5,CE,22_Gr,S2,-*,,-,-,-*,-,-,-*,-,-,-,-*,Acinetobacter pittii,-*,-*,-*,-*,-*,-*,-*,
3,S5,H3_S5,CE,31_Gr,S2,-*,,-*,-*,-*,-,-,-,-,-*,-,-*,,-*,-*,-*,-*,-*,-*,-*,
3,S5,H3_S5,CE,35_Gr,S2,-*,,-*,-*,-*,-,-,-,-,-,-,-,,-*,? *,-*,-*,-*,-*,-*,
3,S5,H3_S5,CE,51_Gr,S2,-*,,-*,-*,-*,-,-,-,-,-*,-*,-,,-*,-*,-*,-*,-*,-*,-*,
3,S5,H3_S5,CE,62_Gr,S2,-*,Acinetobacter pittii,-,-*,-*,-*,-,-,-,-,-,-*,,-*,-*,-*,-*,-*,-*,-*,
3,S5,H3_S5,CE,64_Gr,S2,-*,,-,?,-,-,-,-,-,-,-,-,,-*,-*,-*,-*,-*,-*,-*,
3,S5,H3_S5,CE,73_Gr,S2,-,,-*,-*,-*,-,-,-,-,-*,-,-,,-*,-*,-*,-*,-*,-*,-*,Acinetobacter pittii
3,S6,H3_S6,CE,7_Gr,S2,-,,-,-*,-,-,-,-,-,-,-,-,,-*,-,-,-,-*,-,-*,
3,S6,H3_S6,CE,18_Gr,S2,-,,-*,-*,-,-,-,-,-,-,-,-,,-,-,-,-,-*,-*,-*,
3,S6,H3_S6,CE,34_Gr,S2,-*,,-*,-*,-*,-,-,-*,-,-,-,-,,-,-,-,-,-,-,-,
3,S6,H3_S6,CE,39_Gr,S2,-*,,-*,-*,-*,-,-,-,-,-,-,-,,-,-*,-,-,-,-*,-*,
3,S6,H3_S6,CE,43_Gr,S2,-*,,-*,-*,-*,-,-,-,-,-,-,-,,-,-,-,-,-,-,-*,
3,S6,H3_S6,CE,49_Gr,S2,-*,,-*,-*,-,-,-,-,-,-,-,-,,-,-,-,-,-,-,-,
3,S6,H3_S6,CE,53_Gr,S2,-,,-*,-,-,-,-,-,-,-,-,-,,-,-,-,-,-*,-*,-*,Acinetobacter pittii
3,S6,H3_S6,CE,68_Gr,S2,-*,,-*,-*,-,-*,-,-,-,-,-,-,,+* ?,-,-,-*,-,-,-*,
3,S6,H3_S6,CE,75_Gr,S2,-*,Acinetobacter pittii,-,-*,-,-,-,-,-,-,-*,-* ?,,-,-,-*,-,-,-,-*,
3,S6,H3_S6,CE,79_Gr,S2,-*,,-*,-*,-*,-,-,-,-,-,-*,-,,-,-,-,-,-,-*,-*,
3,S7,H3_S7,CE,3_Gr,S2,-*,,-,-*,-*,-*,-,-*,-*,-*,-*,-*,,-*,-*,-*,-*,-*,-*,-*,
3,S7,H3_S7,CE,15_Gr,S2,-*,,-,-*,-*,-*,-,-*,-,-*,-*,-,,-*,-*,-*,-*,-*,-,-*,Acinetobacter pittii/Acinetobacter radioresistens
3,S7,H3_S7,CE,19_Gr,S2,-*,,-*,-*,-*,-*,-*,-*,-*,-*,-*,-*,,-*,-*,-*,-*,-*,-*,-*,
3,S7,H3_S7,CE,26_Gr,S2,-*,,-*,-*,+?,-*,-*,-*,-*,-*,-*,-*,,-*,-*,-*,-*,-*,-*,-*,
3,S7,H3_S7,CE,29_Gr,S2,-*,,-*,-*,-*,-*,-*,-*,-*,-*,-*,-*,Acinetobacter pittii,-*,-*,-*,-*,-*,-*,-*,
3,S7,H3_S7,CE,38_Gr,S2,-*,,-,-*,-*,-*,-*,-*,-*,-*,-*,-,,-*,-*,-*,-*,-*,-*,-*,
3,S7,H3_S7,CE,40_Gr,S2,-*,,-*,-*,-*,-*,-*,-*,-*,-*,-*,-*,,-+* ? 1,-*,-*,-*,-*,-*,-*,
3,S7,H3_S7,CE,42_Gr,S2,-*,Acinetobacter pittii,-*,-*,-*,-*,-*,-*,-*,-*,-*,-*,,-*,-*,-*,-*,-*,-*,-*,
3,S7,H3_S7,CE,46_Gr,S2,-*,,-*,-*,-*,-*,-*,-*,-*,-*,-*,-*,,-*,-*,-*,-*,-*,-*,-*,
3,S7,H3_S7,CE,80_Gr,S2,-*,,-*,-*,-*,-*,-*,-*,-*,-*,-*,-*,,-*,-*,-*,-*,-*,-*,-*,
3,S8,H3_S8,CE,1_Gr,S2,-*,,-*,-,-,-*,-,-,-,-*,-*,-,,-,-,-,-,-*,-*,-*,
3,S8,H3_S8,CE,2_Gr,S2,-*,,-*,-,-,-,-,-,-,-*,-,-*,Acinetobacter pittii,-,-,-,-,-*,-*,-*,
3,S8,H3_S8,CE,21_Gr,S2,-*,,-,-*,-*,-,-,-,-,-,-,-,,-,-,-,-,-*,-,-*,
3,S8,H3_S8,CE,27_Gr,S2,-*,,-*,-*,-,-,-,-,-,-*,-,-,,-,-,-,-,-*,-*,-*,
3,S8,H3_S8,CE,30_Gr,S2,-,,-,-,-,-,-,-,-,-*,-,-,,-,-,-,-,-,-*,-*,
3,S8,H3_S8,CE,45_Gr,S2,-*,,-*,-*,-*,-,-,-,-*,-,-*,-,,-,-,-,-*,-*,-*,-*,Acinetobacter pittii
3,S8,H3_S8,CE,50_Gr,S2,-*,,-*,-*,-*,-,-,-,-,-,-,-*,,-,-*,-,-,-*,-*,-*,
3,S8,H3_S8,CE,58_Gr,S2,-*,,-*,-*,-*,-*,-,-,-,-,-,-*,,-*,-,-,-,-*,-*,-*,
3,S8,H3_S8,CE,61_Gr,S2,-*,,-*,-*,-,-*,-*,-,-,-,-,-,,-,-,-,-,-*,-*,-*,
3,S8,H3_S8,CE,77_Gr,S2,-*,Acinetobacter pittii,-,-*,-,-,-,-,-,-*,-,-,,-,-,-,-,-*,-*,-*,
3,I9,H3_I9,CE,1_Bl,S1,-*,Acinetobacter pittii,,,,,,,,,,,,,,,,,,,
3,I9,H3_I9,CE,2_Bl,S1,-*,,-*,-*,-*,-,-,-,-,-,-*,-*,,-*,-*,-*,-*,-*,-*,-*,
3,I9,H3_I9,CE,3_Bl,I,-*,,-*,-*,-*,-*,-,-,-,-,-*,-*,,-*,-*,-*,-*,-*,-*,-*,
3,I9,H3_I9,CE,4_Bl,S1,-*,,-,-*,-*,-,-,-,-,-,-,-*,,-*,-,-,-*,-,-*,-*,
3,I9,H3_I9,CE,5_Bl,S1,-*,,,,,,,,,,,,,,,,,,,,
3,I9,H3_I9,CE,6_Bl,I,-*,,-*,?,-*,-,-,-,-,-,-,-*,,-*,-*,-,-*,-,-*,-*,
3,I9,H3_I9,CE,7_Bl,I,-*,,-*,-*,-*,-,-,-,-,-,-,-*,,-*,-*,-*,-*,-,-*,-*,
3,I9,H3_I9,CE,8_Bl,I,-,,-,-*,-*,-,-,-,-,-,-,-*,,-*,-*,-*,-*,-*,-*,-*,
3,I9,H3_I9,CE,9_Bl,S1,-*,,-*,-,-,-,-,-,-,-,-,-*,,-*,-*,-*,-*,-,-*,-*,Acinetobacter pittii
3,I9,H3_I9,CE,10_Bl,S1,-*,,,,,,,,,,,,,,,,,,,,
3,I9,H3_I9,CE,11_Bl,I,-*,,-*,-*,-,-*,-,-,-,-,-,-*,,-*,-*,-*,-*,-*,-*,-*,
3,I9,H3_I9,CE,12_Bl,S1,-*,,-*,-,-*,-,-,-,-,-,-*,-*,Acinetobacter pittii,-*,-*,-*,-*,-*,-*,-*,
3,I9,H3_I9,CE,13_Bl,I,-*,Acinetobacter pittii,-*,-*,-*,-,-,-,-,-,-,-*,,-*,-*,-*,? 1,-*,-*,-*,
3,I9,H3_I9,CE,14_Bl,S1,-*,,-*,-*,-*,-,-,-,-,-*,-*,-*,,-*,-*,-*,-*,-*,-*,-*,
3,I9,H3_I9,CE,15_Bl,S1,-*,,-*,-*,-*,-,-*,-,-,-,-,-*,,-*,-*,-*,-*,-*,-*,-*,
3,I9,H3_I9,CE,16_Bl,I,-,,-*,-*,-*,-,-,-,-,-,-,-*,,-,-*,-,-*,-*,-*,-*,
3,I9,H3_I9,CE,17_Bl,S1,-,,-*,-*,-,-,-*,-,-,-,-*,-,,-*,-*,-*,-*,-*,-*,-*,
3,I9,H3_I9,CE,18_Bl,I,-,,-*,-*,-*,-,-,-,-,-,-,-*,,-*,-*,-*,-*,-,-*,-*,
3,I9,H3_I9,CE,19_Bl,S1,,,,,,,,,,,,,,,,,,,,,
3,I9,H3_I9,CE,20_Bl,S1,-*,,-*,mist,-*,-,-,-,-,-*,-,-*,,-*,-*,-*,-*,-*,-*,-*,
3,I9,H3_I9,CE,21_Bl,S1,mist,,-*,-*,-,-,-,-,-,-,-,-*,,-*,-*,-*,-,-*,-*,-*,
3,I9,H3_I9,CE,22_Bl,I,-,,-,-,-*,-,-,-,-,-,-*,-*,,-*,-*,-*,-*,-*,-*,-*,
3,I9,H3_I9,CE,23_Bl,I,-,,-*,-,-,-*,-,-,-,-,-,-*,,-*,-*,-*,-*,-*,-*,-*,
3,I9,H3_I9,CE,24_Bl,S1,-,,-,-*,-*,-*,-,-,-,-*,-,-*,,-*,-*,-*,-*,-*,-*,-*,
4,S1,H4_S1,CE,105_Gr,S2,-*,,-,-,-,-,-,-,-,-*,-,-,,-*,-*,-*,-*,-*,-*,-*,
4,S1,H4_S1,CE,131_Gr,S2,-,,-,-*,-*,-,-,-,-*,-*,-*,-,,-*,-*,-*,-*,-*,-*,-*,
4,S1,H4_S1,CE,133_Gr,S2,-,,-,-*,-,-,-*,-,-*,-*,-,-*,,-*,-*,-*,-*,-*,-*,-*,
4,S1,H4_S1,CE,146_Gr,S2,-*,,-*,-,-,-,-,-,-*,-*,-*,-*,,-,-*,-*,-*,-*,-*,-*,
4,S1,H4_S1,CE,148_Gr,S2,-*,,-,-,-,-,-,-,-,-*,-,-*,Acinetobacter pittii,-*,-*,-*,-*,-*,-*,-*,
4,S1,H4_S1,CE,151_Gr,S2,-,,-,-*,-,-,-,-,-*,-*,-,-,,-*,-*,-,-*,-*,-*,-*,
4,S1,H4_S1,CE,152_Gr,S2,-,,-,-*,-,-,-,-,-*,-*,-*,-*,,-,-,-*,-*,-*,-*,-*,
4,S1,H4_S1,CE,153_Gr,S2,-*,,-,-,-,-,-,-,-,-*,-*,-*,,-,-*,-*,-*,-*,-*,-,
4,S1,H4_S1,CE,158_Gr,S2,-*,Acinetobacter pittii,-,-,-,-,-,-,-,-*,-,-,,-,-,-*,-*,-*,-*,-*,Acinetobacter pittii
4,S1,H4_S1,CE,166_Gr,S2,-*,,-,-*,-*,-,-,-,-,-*,-,-*,,-,-,-*,-*,-*,-*,-*,
4,S2,H4_S2,CE,116_Gr,S2,-*,,-*,-*,-*,-,-,-,-,-,-,-,,-,-,-*,-,-,-* ?,-*,Acinetobacter pittii
4,S2,H4_S2,CE,120_Gr,S2,-*,,-,-*,-*,-,-,-,-,-,-,-,,-,-*,-*,-,-*,-*,-,
4,S2,H4_S2,CE,121_Gr,S2,-*,,-,-*,-*,-,-,-,-,-,-,-,,-,-,-,-,-,-*,-*,
4,S2,H4_S2,CE,128_Gr,S2,-*,Acinetobacter pittii,-*,-*,-*,-,-,-,-,-,-,-,,-,-*,-,-,-,-*,-*,
4,S2,H4_S2,CE,130_Gr,S2,-*,,-*,-*,-*,-,-,-,-,-,-,-,,-,-,-,-,-*,-,-*,
4,S2,H4_S2,CE,147_Gr,S2,-*,,-*,-*,-*,-*,-,-,-,-,-,-,,-,-,-,-,-*,-,-*?,
4,S2,H4_S2,CE,155_Gr,S2,-*,,-*,-*,-*,-,-*,-,-,-,-,-,,-,-,-,-,-*,-*,-*,
4,S2,H4_S2,CE,157_Gr,S2,-,,-*,-*,-*,-,-,-,-,-,-,-,,-,-,-,-,-,-,-,
4,S2,H4_S2,CE,159_Gr,S2,-*,,-*,-*,-*,-,-,-,-,-,-,-,,-,-,-,-,-,-*,-*,
4,S2,H4_S2,CE,164_Gr,S2,-*,,-*,-*,-*,-,-,-,-,-,-,-,,-,-,-,-,-*,-*,-*,
4,S3,H4_S3,CE,101_Gr,S2,-*,,-,-*,-*,-,-,-,-,-,-,-,,-,-*,-*,-,-,-,-*,
4,S3,H4_S3,CE,102_Gr,S2,-*,,-*,-*,-*,-,-,-,-*,-,-,-,,-,-*,-,-,-,-,-*,
4,S3,H4_S3,CE,117_Gr,S2,-*,,-,-,-*,-,-,-,-*,-,-,-,,-,-,-,-,-,-,-*,Acinetobacter pittii
4,S3,H4_S3,CE,118_Gr,S2,-*,,-*,-,-,-,-,-,-,-,-,-,,-,-,-*,-,-,?,-*,
4,S3,H4_S3,CE,122_Gr,S2,-*,,-*,-*,-*,-*,-,-,-,-,-,-,,-,-*,-,-,-*,-*,-*,
4,S3,H4_S3,CE,125_Gr,S2,-*,,-*,-*,-*,-,-,-,-,-,-,-,,-,-,-,-,-*,-,-*,
4,S3,H4_S3,CE,139_Gr,S2,-,,-,-*,-,-,-,-,-,-,-,-,,-,-,-,-,-*,-*,-*,
4,S3,H4_S3,CE,144_Gr,S2,-,,-,-*,-,-,-*,-,-,-,-,-,,-,-,-,-*,-,-,-*,
4,S3,H4_S3,CE,150_Gr,S2,-,,-,-*,-,-,-,-,-,-,-,-,,-,-,-,-,-,-,-*,
4,S3,H4_S3,CE,174_Gr,S2,-*,,-*,-*,-,-,-,-,-,-,-,-,,-,-,-,-,-,-,-*,
4,S4,H4_S4,CE,107_Gr,S2,-*,,-*,-*,-*,-,-,-,-,-,-*,-*,,-*,-,-,-*,-*,-*,-*,
4,S4,H4_S4,CE,109_Gr,S2,-*,Acinetobacter pittii,-*,-*,-*,-,-,-*,-,-,-,-,,-*,-,-,-*,-*,-*,-,
4,S4,H4_S4,CE,115_Gr,S2,-*,,-*,-*,-*,-,-,-,-,-,-*,-*,Acinetobacter pittii,-,-,-,-*,-*,-*,-*,
4,S4,H4_S4,CE,124_Gr,S2,-,,-*,-*,-*,-,-,-,-,-,-*,-,,-*,-*,-*,-*,-*,-*,-*?,
4,S4,H4_S4,CE,135_Gr,S2,-*,,-*,-*,-*,-,-,-,-,-,-*,-*,,-*? 1,-,-,-*,-*,-*,-*,
4,S4,H4_S4,CE,136_Gr,S2,-,,-*,-*,-,-*,-,-,-,-,-*,-*,,-* ?,-,-,-*,-*,-*,-*,
4,S4,H4_S4,CE,137_Gr,S2,-,,-*,-*,-*,-,-,-,-,-,-*,-,,-,-,-,-*,-*,-,-*,
4,S4,H4_S4,CE,154_Gr,S2,-,,-*,-*,-*,-,-,-,-,-,-*,-*,,-,-,-,-*,-*,-*,-*,Acinetobacter pittii
4,S4,H4_S4,CE,163_Gr,S2,-,,-*,-*,-*,-*,-,-,-,-,-*,-*?,,-,-,-*,-,-*,-,-,
4,S4,H4_S4,CE,178_Gr,S2,-*,,-*,-*,-*,-,-,-,-,-,-,-,,-,-,-,-*,-*,-*,-*,
4,S5,H4_S5,CE,108_Gr,S2,-*,,-*,-*,-*,-,-,-,-,-,-,-,,-,-,-,-,-,?,-*,
4,S5,H4_S5,CE,111_Gr,S2,-*,,-,-*,-,-,-,-,-,-,-,-,,-,-,-,-*,-*,-*,-*,
4,S5,H4_S5,CE,127_Gr,S2,-*,,-*,-*,-*,-,-,-,-,-,-,-,,-,-,-,-,-*,-*,-*,
4,S5,H4_S5,CE,132_Gr,S2,-*,,-*,-*,-*,-,-,-,-,-,-,-,,-,-,-,-,-,-*,-*,
4,S5,H4_S5,CE,138_Gr,S2,-,,-,-*,-*,-,-,-,-,-,-,-,,-,-,-,-,-*,-*,-*,
4,S5,H4_S5,CE,141_Gr,S2,-*,,-*,-*,-*,-,-,-,-,-,-,-,,-,-,-,-*,-,-*,-*,
4,S5,H4_S5,CE,142_Gr,S2,-*,,-,-*,-*,-,-,-,-,-,-,-,,-,-*,-,-,-*,-,-*,
4,S5,H4_S5,CE,162_Gr,S2,-*,,-*,-*,-*,-,-,-,-,-,-,-,,-,-,-,-,-,-*,-,
4,S5,H4_S5,CE,168_Gr,S2,-*,Pseudomonas moteilii/putida,-*,-*,-*,-,-,-,,,,,,,,,,,,,
4,S5,H4_S5,CE,176_Gr,S2,-,,-,-*,-*,-,-,-,-,-,-,-*,,-,-,-,-,-*,-*,-*,Acinetobacter pittii
4,S6,H4_S6,CE,110_Gr,S2,-,,-*,-*,-*,-*,-*,-,-,-,-,-*,,-*,-*,-*,-*,-*,-*,-*,
4,S6,H4_S6,CE,114_Gr,S2,-,,-,-,-*,-,-,-,-*,-,-*,-,,-,-*,-*,-*,-*,-*,-*,
4,S6,H4_S6,CE,126_Gr,S2,-*,,-*,-*,-*,-,-*,-,-,-,-,-,,-,-*,-*,-*,-*,-*,-*,
4,S6,H4_S6,CE,145_Gr,S2,-*,,-*,-*,-*,-,-,-,-,-,-*,-,,-,-*,-*,-*,-*,-*,-,
4,S6,H4_S6,CE,149_Gr,S2,-*,,-,-*,-*,-*,-*,-*,-,-,-,-*,,-,-*,-,-*,-*,-*,-*,
4,S6,H4_S6,CE,156_Gr,S2,-*,Acinetobacter pittii,-*,-*,-,-,-,-,-,-,-,-,,-,-,-*,-*,-*,-*,-*,Acinetobacter pittii
4,S6,H4_S6,CE,161_Gr,S2,-,,-,?,-*,-,-,-,-,-,-,-,,-*,-*,-*,-*,-*,-*,-*,
4,S6,H4_S6,CE,165_Gr,S2,-*,,-,-*,-*,-,-,-,-,-,-,-,,-,-*,-*,-*,-*,-*,-*,
4,S6,H4_S6,CE,171_Gr,S2,-,,-*,-*,-,-,-,-,-,-,-,-*,Acinetobacter pittii,-,-,-*,-*,-*,-*,-*,
4,S6,H4_S6,CE,180_Gr,S2,-*,,-*,-*,-*,-*,-,-,-,-,-,-,,-,-*,-*,-*,-*,-*,-*,
4,S7,H4_S7,CE,106_Gr,S2,-,,-,-*,-*,-,-,-,-,-,-,-,,-,-,-*,-*,-*,-*,-*,
4,S7,H4_S7,CE,112_Gr,S2,-,,-,-*,-,-,-,-,-,-,-,-,,-,-,-*,-*,-*,-*,-*,Acinetobacter pittii
4,S7,H4_S7,CE,113_Gr,S2,-*,,-,-,-*,-,-,-*,-,-,-,-,,-,-,-*,-*,-*,-*,-*,
4,S7,H4_S7,CE,123_Gr,S2,-*,,-*,-*,-*,-,-,-,-,-,-,-,,-,-,-*,-*,-*,-*,-*,
4,S7,H4_S7,CE,134_Gr,S2,-,,-,-,-,-*,-,-,-,-,-,-,,-,-,-,-*,-*,-*,-*,
4,S7,H4_S7,CE,140_Gr,S2,-*,Acinetobacter pittii,-,-,-*,-*,-,-,-,-,-,-,,-,-,-,-*,-*,-*,-*,
4,S7,H4_S7,CE,143_Gr,S2,-,,-,-,-,-*,-,-,-,-,-,-,,-,-,-*,-*,-*,-*,-*,
4,S7,H4_S7,CE,170_Gr,S2,-*,,-,-*,-*,-,-,-,-*,-,-,-*,Acinetobacter pittii,? 1,-,-*,-*,-*,-*,-*,
4,S7,H4_S7,CE,173_Gr,S2,-*,,-,-*,-*,-,-,-,-,-,-,-,,-,-*,-*,-*,-*,-*,-*,
4,S7,H4_S7,CE,175_Gr,S2,-*,,-*,-,-*,-,-,-,-,-*,-,-,,-*,-*,-*,-*,-*,-*,-*,
4,S8,H4_S8,CE,103_Gr,S2,-,,-,-*,-*,-,-*,-,-,-*,-,-,,-,-*,-,-,-*,-*,-*,
4,S8,H4_S8,CE,104_Gr,S2,-,,-,-,-*,-,-,-,-,-,-,-,,-,-,-,-,-*,-*,-*,
4,S8,H4_S8,CE,119_Gr,S2,-*,,-*,-*,-,-,-,-,-,-,-,-,,-,-,-,-,-*,-*,-*,
4,S8,H4_S8,CE,129_Gr,S2,-*,,-,-,-,-,-,-,-,-,-,-,,-,-,-,-,-*,-*,-*,
4,S8,H4_S8,CE,160_Gr,S2,-*,,-,-,-,-,-,-,-,-,-,-,,-,-,-,-*,-*,-*,-*,
4,S8,H4_S8,CE,167_Gr,S2,-*,,-*,-*,-*,-,-,-,-,-,-,-,,-,-,-,-,-*,-*,-*,
4,S8,H4_S8,CE,169_Gr,S2,-*,Acinetobacter pittii,-*,-,-,-,-,-,-*,-*,-,-,,-,-,-,-,-,-*,-*,Acinetobacter pittii
4,S8,H4_S8,CE,172_Gr,S2,-*,,-*,-,-*,-,-,-,-,-*,-,-,,-,-,-,-,-*,-*,-*,
4,S8,H4_S8,CE,177_Gr,S2,-*,,-*,-*,-,-,-,-,-,-*,-,-,,-,-,-,-,-*,-*,-*,
4,S8,H4_S8,CE,179_Gr,S2,-*,,-*,-,-*,-,-,-,-,-,-,-,,-,?,-,-,-*,-*,-*,
4,I9,H4_I9,CE,101_Bl,S1,-,,-*,-*,-*,-*,-*,-*,-,-,-,-,,-,-,-,-,-*,-*,-*,
4,I9,H4_I9,CE,102_Bl,I,-,,-,-,-*,-*,-,-,-,-,-,-,,-,-*,-*,-*,-*,-*,-*,
4,I9,H4_I9,CE,103_Bl,S1,-*,,,,,,,,,,,,,,,,,,,,
4,I9,H4_I9,CE,104_Bl,S1,-*,,-*,-*,-,-,-*,-,-,-,-,-,,-*,-,-*,-*,-*,-*,-*,Acinetobacter pittii
4,I9,H4_I9,CE,105_Bl,I,-*,,-,-*,-,-,-,-,-,-,-,-,,-,-,-,-*,-,-*,-*,
4,I9,H4_I9,CE,106_Bl,S1,-*,,-,-,-*,-,-,-,-,-,-,-,,-,-*,-,-*,-*,-*,-*,
4,I9,H4_I9,CE,107_Bl,S1,-,,-,-*,-*,-,-,-,-,-,-,-,,-*,-*,-,-*,-*,-*,-*,
4,I9,H4_I9,CE,108_Bl,I,-,,-*,-*,-*,-,-,-,-,-,-,-,,-,-,-,-*,-*,-*,-*,
4,I9,H4_I9,CE,109_Bl,S1,-*,Acinetobacter pittii,-,-,-,-,-,-,-,-,-,-,,-,-,-,-*,-*,-*,-*,
4,I9,H4_I9,CE,110_Bl,I,-*,,-,-*,-,-,-,-,-,-,-,-,,-,-*,-,-*,-*,-*,-*,
4,I9,H4_I9,CE,111_Bl,S1,-,,-,-*,-*,-,-,-,-,-,-,-,,-,-,-,-*,-*,-* ?,-*,
4,I9,H4_I9,CE,112_Bl,S1,-,,,,,,,,,,,,,,,,,,,,
4,I9,H4_I9,CE,113_Bl,I,-*,,-*,-*,-*,-*,-,-,-,-,-,-,,-,-*,-*,-*,-*,-*,-*?,
4,I9,H4_I9,CE,114_Bl,S1,-*,,-,-*,-*,-,-,-,-,-,-,-,,-,-,-*,-*,-*,-*,-*,
4,I9,H4_I9,CE,115_Bl,I,-*,,-,-*,-*,-*,-,-,-,-,-,-,,-,-,-*,-*,-*,-*,-*,
4,I9,H4_I9,CE,116_Bl,S1,-,,,,,,,,,,,,,,,,,,,,
4,I9,H4_I9,CE,117_Bl,S1,-,,-*,-*,-,-,-,-,-,-,-,-,,-,-*,-,-*,-,-*,-*,
4,I9,H4_I9,CE,118_Bl,S1,-*,,-*,-*,-,-,-,-,-,-,-,-,,-,-*,-,-*,-*,-*,-*,
4,I9,H4_I9,CE,119_Bl,I,-,,-,-*,-*,-,-,-,-,-,-,-,,-,-*,-,-*,-*,-*,-*,
4,I9,H4_I9,CE,120_Bl,S1,-*,,,,,,,,,,,,,,,,,,,,
4,I9,H4_I9,CE,121_Bl,I,-*,,-*,-,-*,-*,-,-,-,-,-,-,,-*,-,-,-*,-*,-*,-*,
4,I9,H4_I9,CE,122_Bl,I,-,,-*,-*,-*,-,-,-,-,-,-,-*,Acinetobacter pittii,-,-,-*,-*,-*,-*,-*,
4,I9,H4_I9,CE,123_Bl,S1,-*,,-*,-,-,-,-,-,-,-,-,-,,-,-,-,-*,-*,-*,-*,
4,I9,H4_I9,CE,125_Bl,I,-*,,-*,-,-,-,-,-,-,-,-,-,,-,-,-,-*,-*,-*,-*,